term_str,x,y,n,dfidf,pos_group
's,10.510366,-25.897818,167,19.342342291834044,PO
(,-4.3551884,-10.677697,18,24.59431618637297,(
),-1.9892185,5.748839,18,24.59431618637297,)
",",-4.1898737,-6.381969,6809,0.0,","
--,-2.8442123,-7.7689834,366,10.658230506810046,:
20,-7.8893814,9.931101,17,28.796246828663442,CD
4,-6.599752,14.627266,30,26.23407353748423,CD
a,8.306853,-26.713068,2150,1.4294994135043235,DT
ability,-3.1513584,-0.3158207,28,28.796246828663442,NN
able,-7.953304,21.344414,21,27.636067080538773,JJ
about,-6.856093,10.473905,39,26.23407353748423,IN
above,3.2984996,-0.6746233,20,28.796246828663442,IN
abroad,-7.3868484,19.758165,34,28.796246828663442,RB
abuses,1.4785715,-15.165306,13,23.502912408741125,NN
accept,-0.7663893,14.979259,24,28.796246828663442,VB
accepted,-10.208504,10.25225,11,22.250877708197276,VB
accomplish,-7.571089,7.3768024,11,22.250877708197276,VB
accomplished,-7.034058,21.899137,16,28.117036768742114,VB
according,-3.4992294,-1.5818279,12,23.502912408741125,VB
achieve,-6.962907,16.434515,18,26.35676655364204,VB
achievement,5.5053906,-3.2218137,11,24.59431618637297,NN
acknowledged,5.088211,-11.390371,11,20.818033540269386,VB
across,10.045715,-16.975754,20,27.051959939986375,IN
act,-8.861045,14.226349,49,28.103919879972757,VB
action,4.0859675,-7.919874,65,27.714749706752166,NN
activities,2.277855,-6.7106266,10,17.297158093186486,NN
acts,5.980931,-10.513947,24,27.051959939986375,NN
actual,3.9305108,-5.805029,14,22.250877708197276,JJ
adapted,-6.3587146,15.645294,12,20.818033540269386,VB
add,-9.354588,20.336515,20,28.117036768742114,VB
added,-3.8178682,18.65193,13,22.250877708197276,VB
additional,-3.4686573,-0.5625493,12,20.818033540269386,JJ
address,-0.66266423,18.173912,10,20.818033540269386,VB
adequate,-7.7181187,17.957512,21,26.35676655364204,JJ
adjustment,-1.2721441,-9.018876,10,22.250877708197276,NN
administer,-4.083294,-8.714083,10,23.502912408741125,VB
administered,-2.3082266,-1.2574502,10,23.502912408741125,VB
administration,-0.73424304,-12.843887,90,25.642065497271314,NN
admitted,-2.5438747,20.339666,11,25.541209043760983,VB
adopt,-9.482619,12.673404,13,24.59431618637297,VB
adopted,-4.593733,19.849825,14,26.35676655364204,VB
adoption,7.4396696,-15.224278,19,25.541209043760983,NN
advance,1.3901999,-7.6247835,28,29.135211801540407,NN
advanced,3.8918777,5.067235,13,24.59431618637297,JJ
advancement,7.033452,-22.623068,16,24.59431618637297,NN
advantage,1.3355789,7.975107,18,27.636067080538773,NN
advantages,-0.00018716995,6.9209914,16,24.59431618637297,NN
affairs,10.153115,-21.352253,41,28.437588093748378,NN
affecting,-2.0129738,-11.693015,10,24.59431618637297,VB
afford,-7.317749,19.170044,21,28.117036768742114,VB
afforded,3.7096035,6.837791,11,20.818033540269386,VB
after,-2.85652,-5.231906,41,28.713533107284082,IN
again,-6.840074,19.332708,61,27.272134161077553,RB
against,11.937022,-18.53289,112,18.37726474549189,IN
age,3.9720364,-6.7782145,21,27.051959939986375,NN
agencies,4.6764174,-13.865832,11,19.17838327682102,NN
ages,9.33262,-2.98494,10,23.502912408741125,NN
aggression,-4.665761,7.4874773,13,25.541209043760983,NN
agitation,-6.063274,16.644867,10,17.297158093186486,NN
ago,-4.7144136,-5.303066,39,28.713533107284082,RB
agricultural,-3.491537,-5.054647,10,24.59431618637297,JJ
agriculture,2.0445545,-14.672221,20,28.796246828663442,NN
aid,7.874084,-11.674364,40,28.929348421755872,NN
alike,-0.322188,-3.7709248,15,26.35676655364204,RB
all,10.782007,-27.465815,784,0.0,DT
allies,-0.4665934,-5.7767835,11,24.59431618637297,NN
almighty,3.3027308,-3.6298213,28,28.713533107284082,NN
almost,3.6021068,4.103035,24,29.00582481748225,RB
alone,-7.2404675,18.628057,44,25.642065497271314,RB
along,9.9704485,-14.027606,12,25.541209043760983,IN
already,-2.381313,19.610052,34,29.169888105663883,RB
also,-3.7862995,18.564777,51,26.777982833515537,RB
although,6.115918,0.56698626,12,19.17838327682102,IN
always,-9.782518,25.343912,74,26.23407353748423,RB
am,-8.727737,28.21971,65,22.011649634964495,VB
amendment,8.415222,-7.367665,19,20.818033540269386,NN
america,6.189446,-0.72944397,178,27.272134161077553,NN
american,11.046407,-26.662432,146,16.33977621132777,JJ
americans,-4.4296546,17.831572,63,29.00582481748225,NN
among,12.001354,-22.243423,107,16.33977621132777,IN
amount,11.353246,-12.015301,13,22.250877708197276,NN
ample,-2.5109394,3.0851686,12,24.59431618637297,JJ
an,-10.63136,14.01142,376,1.4294994135043235,DT
ancient,5.2199674,-13.122427,21,29.188632372745946,JJ
and,12.3435755,-27.520992,5043,0.0,CC
another,2.9114435,-0.73399645,56,25.642065497271314,DT
answer,-6.8603745,16.788599,12,23.502912408741125,VB
anxiety,4.4838696,-13.045036,12,25.541209043760983,NN
any,2.3829236,-20.34984,276,8.165843601063113,DT
anything,-9.034601,16.288376,10,19.17838327682102,NN
appeal,-5.534116,17.69445,13,25.541209043760983,NN
appear,-8.768572,25.918839,17,27.051959939986375,VB
application,-6.794085,4.5889487,12,23.502912408741125,NN
appointment,-5.0304003,8.267029,11,22.250877708197276,NN
apprehension,-2.278487,0.21786313,10,20.818033540269386,NN
arbitration,-1.5415578,7.5502462,11,22.250877708197276,NN
arduous,-5.6613317,-4.303013,10,23.502912408741125,JJ
are,-7.727102,28.158016,757,0.0,VB
arise,-3.6012967,1.1898975,13,25.541209043760983,VB
armed,-4.8261733,3.8798919,17,27.636067080538773,JJ
armies,-0.2622241,-1.0509238,11,24.59431618637297,NN
arms,5.1670313,-19.694176,30,29.082418087521972,NN
army,-1.176302,-3.5345778,20,22.250877708197276,NN
around,-1.3267485,-7.9391203,20,28.117036768742114,IN
arts,11.214742,-21.113337,11,22.250877708197276,NN
as,-9.882195,27.519264,922,1.4294994135043235,IN
ask,-7.9660435,26.470945,43,28.713533107284082,VB
asked,-10.306159,24.62598,10,23.502912408741125,VB
aspirations,6.032136,-17.38419,14,23.502912408741125,NN
assembled,-7.7684174,10.924286,10,23.502912408741125,VB
assume,-1.5696568,7.6231837,18,28.501755416394552,VB
assurance,-3.688059,13.042771,12,22.250877708197276,NN
assure,-1.7512224,11.575892,11,23.502912408741125,VB
assured,-6.9071774,9.295439,12,24.59431618637297,VB
at,12.53637,-23.037012,334,4.207839759945508,IN
attack,-1.7729741,-4.910254,11,20.818033540269386,NN
attempt,-5.552493,14.400088,21,28.117036768742114,NN
attention,0.35075662,-5.5504956,34,29.00582481748225,NN
authorities,7.142928,-6.826758,16,22.250877708197276,NN
authority,7.4129043,-18.831963,56,28.103919879972757,NN
avoid,-3.9509764,7.8385324,14,25.541209043760983,VB
away,-6.3181305,12.024168,28,29.00582481748225,RB
back,-3.172348,6.239128,25,27.636067080538773,RB
bad,0.5822038,3.5909514,11,23.502912408741125,JJ
balance,-0.4030518,-2.9159417,16,27.051959939986375,NN
based,-0.8461249,5.5634875,13,23.502912408741125,VB
basis,2.2554657,-13.214559,25,29.00582481748225,NN
battle,-6.471094,-3.1993563,12,24.59431618637297,NN
be,-11.763967,28.575462,1450,0.0,VB
bear,-7.788131,16.577269,24,28.501755416394552,VB
bearing,8.197365,-14.246745,11,23.502912408741125,VB
became,-7.5428243,-1.319258,14,24.59431618637297,VB
because,-8.867503,27.690145,103,22.82268438028926,IN
become,-10.101702,23.27713,56,25.003510832789107,VB
been,-12.323159,27.777994,475,2.832280724957402,VB
before,-5.0073366,23.2628,123,11.85869684351175,IN
began,-1.1297538,8.073962,10,22.250877708197276,VB
begin,-1.5681701,17.759272,10,19.17838327682102,VB
beginning,5.6804485,-14.728684,28,29.188632372745946,NN
behalf,9.171168,-22.359192,10,19.17838327682102,NN
being,3.8205135,-4.191885,62,27.714749706752166,VB
belief,-2.4568093,7.300143,22,27.636067080538773,NN
believe,-8.947112,28.091045,69,25.642065497271314,VB
believed,-8.527369,26.066202,14,26.35676655364204,VB
belongs,-6.2897897,-0.44511035,13,27.051959939986375,VB
beloved,3.3241599,-15.294288,12,25.541209043760983,JJ
beneficent,8.156401,-13.176551,12,23.502912408741125,NN
benefit,5.04767,6.4232335,18,27.051959939986375,NN
benefits,1.2201622,-8.316486,22,28.501755416394552,NN
best,-0.787875,-12.95601,120,17.376116065169615,JJ
better,-4.7276797,13.346151,73,25.642065497271314,JJ
between,11.935906,-24.615831,93,25.003510832789107,IN
beyond,-5.417158,5.9602065,57,27.714749706752166,IN
bill,-1.7205558,-2.2152758,13,19.17838327682102,NN
bind,3.325269,-2.2211573,11,25.541209043760983,VB
birth,2.0151637,1.800151,16,26.35676655364204,NN
bless,-1.3539894,10.038381,14,23.502912408741125,NN
blessed,5.989466,3.0418057,13,25.541209043760983,VB
blessing,-5.257656,-3.280084,11,25.541209043760983,NN
blessings,9.658213,-14.39044,40,29.188632372745946,NN
blood,11.168424,-20.756308,13,25.541209043760983,NN
body,7.4492264,-21.589766,39,29.135211801540407,NN
bold,-5.3606896,9.82864,11,22.250877708197276,JJ
bonds,8.018745,-20.454111,16,27.051959939986375,NN
born,-10.012417,7.8548493,13,26.35676655364204,VB
both,3.953342,-8.26786,107,26.23407353748423,DT
bound,3.6241727,0.17099664,16,27.636067080538773,VB
branch,9.456028,-22.773605,18,25.541209043760983,NN
branches,-0.094392054,-7.777726,14,26.35676655364204,NN
bring,-3.2693834,11.294129,38,27.714749706752166,VB
british,5.194588,-2.3171103,10,17.297158093186486,JJ
broad,0.00023708679,-14.375505,10,22.250877708197276,JJ
brought,-5.1999273,19.536314,18,27.636067080538773,VB
build,-5.5666127,6.043193,19,26.35676655364204,VB
building,-3.9155095,3.7393937,15,23.502912408741125,VB
built,-4.7371655,19.413435,15,23.502912408741125,VB
burden,-7.261485,8.291958,19,28.117036768742114,NN
burdens,6.7930713,-14.427273,19,27.051959939986375,NN
business,3.530082,-15.554085,65,28.796246828663442,NN
but,-9.247673,27.382118,608,1.4294994135043235,CC
by,13.072818,-24.323738,1060,0.0,IN
calculated,2.6434207,9.804004,10,23.502912408741125,VB
call,-1.4284067,5.5107017,38,28.437588093748378,NN
called,-4.8485813,21.687801,58,25.642065497271314,VB
calling,-6.905575,8.43327,10,24.59431618637297,VB
came,-1.2037325,12.187764,25,28.796246828663442,VB
can,-9.469988,29.902508,494,2.832280724957402,MD
capacity,8.599459,-13.035937,22,28.117036768742114,NN
capital,2.408135,0.78593713,20,26.35676655364204,NN
care,2.2605767,-3.7185738,37,28.929348421755872,NN
careful,-7.3645096,10.068141,12,23.502912408741125,JJ
carried,-3.191479,16.489779,14,23.502912408741125,VB
carry,-7.995521,18.354662,28,29.135211801540407,VB
case,-3.081806,7.5341067,26,24.59431618637297,NN
cases,-1.9993616,6.7613797,14,22.250877708197276,NN
cause,5.6931243,-13.765335,57,28.103919879972757,NN
causes,3.0329566,3.1971457,20,24.59431618637297,NN
cease,-7.947012,24.70068,11,22.250877708197276,VB
celebrate,-1.4219869,16.366913,12,20.818033540269386,VB
centuries,7.955707,-14.861109,13,25.541209043760983,NN
century,8.912093,-19.47541,59,29.082418087521972,NN
ceremony,-0.5550511,10.122402,10,20.818033540269386,NN
certain,-3.0790482,12.265643,35,28.929348421755872,JJ
certainly,-9.713978,21.795107,13,23.502912408741125,RB
challenge,-4.475883,-2.5927536,17,25.541209043760983,NN
challenges,-6.895853,6.295155,12,19.17838327682102,NN
chance,0.21375442,1.8098717,18,26.35676655364204,NN
change,-3.2708483,18.605927,65,28.929348421755872,NN
changed,-0.4765905,10.990157,12,22.250877708197276,VB
changes,-1.3222725,4.468653,17,26.35676655364204,NN
character,6.9479704,-18.545061,58,27.714749706752166,NN
cheerfully,-9.362255,17.839762,14,24.59431618637297,RB
cherish,-2.4449778,10.631932,16,27.051959939986375,VB
cherished,-3.1758423,15.058346,10,23.502912408741125,VB
chief,6.2865825,-14.446529,34,27.272134161077553,NN
children,-6.883555,1.9377768,44,29.135211801540407,NN
choice,-7.6153307,15.37352,20,25.541209043760983,NN
chosen,-2.333438,19.397549,22,28.796246828663442,VB
circumstances,4.2125216,-0.9612325,42,29.188632372745946,NN
cities,12.498334,-17.080465,10,23.502912408741125,NN
citizen,9.890206,-19.50638,54,28.713533107284082,NN
citizens,9.573429,-25.013842,146,17.376116065169615,NN
citizenship,3.527195,-8.055277,28,27.636067080538773,NN
civil,8.798917,-22.019306,52,26.777982833515537,JJ
civilization,1.7536998,-3.6723278,38,29.188632372745946,NN
civilized,5.37001,-17.74419,11,24.59431618637297,JJ
claim,-5.5352607,9.024265,18,25.541209043760983,NN
claims,-0.2399794,2.5386987,10,19.17838327682102,NN
class,0.68700546,-1.6663629,18,26.35676655364204,NN
classes,2.4706318,-11.358442,10,17.297158093186486,NN
clear,-8.450717,22.788517,31,28.713533107284082,JJ
clearly,-5.5229144,7.021123,22,29.00582481748225,RB
close,-4.782915,1.3079761,14,27.636067080538773,NN
coast,2.2905622,-10.47715,17,17.297158093186486,NN
combinations,4.1714354,-18.600199,12,20.818033540269386,NN
come,-11.905235,23.249943,71,23.592493657326887,VB
comes,7.246367,2.0991933,11,20.818033540269386,VB
comfort,8.133403,-4.642177,12,24.59431618637297,NN
coming,-2.0329888,3.8422272,13,24.59431618637297,VB
command,-7.903192,-3.6593785,15,27.051959939986375,NN
commerce,8.681788,-21.368685,62,27.714749706752166,NN
commercial,7.567844,-12.639939,17,23.502912408741125,JJ
commitment,-8.762544,8.857045,11,20.818033540269386,NN
committed,-4.161569,20.23062,19,28.117036768742114,VB
common,8.788719,-22.734465,80,23.592493657326887,JJ
communism,-0.42806113,5.0275626,10,15.125438854098638,NN
communities,8.002716,-6.4262123,24,28.117036768742114,NN
community,5.1049166,-8.184168,33,29.188632372745946,NN
competent,-2.746557,1.9305699,12,23.502912408741125,NN
complete,9.496981,-9.084653,21,27.051959939986375,JJ
compromise,-5.697302,-1.5510124,10,22.250877708197276,NN
concern,-5.1751804,11.842195,21,27.051959939986375,NN
concerns,7.957305,-17.85573,17,27.051959939986375,NN
concession,4.2384996,-7.8201184,11,20.818033540269386,NN
condition,8.580795,-23.165335,48,29.188632372745946,NN
conditions,-1.1550447,-2.5123954,34,28.117036768742114,NN
conduct,2.0136375,-8.058139,31,29.188632372745946,NN
confederacy,9.115695,-8.154756,19,22.250877708197276,NN
confidence,3.6372015,-8.300951,84,18.37726474549189,NN
confidently,-2.3865383,22.125153,11,22.250877708197276,RB
conflict,-2.631042,9.42129,21,28.501755416394552,NN
congress,3.4974773,-21.109077,128,27.714749706752166,NN
connected,-8.719649,6.4244943,16,22.250877708197276,VB
conscience,7.642409,-14.058419,24,29.135211801540407,NN
conscious,-6.147004,21.838278,10,23.502912408741125,JJ
consciousness,0.023924403,0.20031393,12,22.250877708197276,NN
consent,2.998269,-12.201768,12,20.818033540269386,NN
consequences,-4.525833,12.300667,16,26.35676655364204,NN
consider,-7.0651765,20.925417,19,25.541209043760983,VB
consideration,-1.2891524,3.3963418,29,28.117036768742114,NN
considered,-7.136541,18.24926,15,27.051959939986375,VB
consistent,-2.3092303,-4.7510147,13,24.59431618637297,JJ
constant,-3.1457233,7.977773,26,28.501755416394552,JJ
constantly,-6.1637564,20.548492,16,27.051959939986375,RB
constituted,-1.1018865,1.6319971,11,20.818033540269386,VB
constitution,12.170007,-28.096922,206,22.011649634964495,NN
constitutional,5.7280416,-13.751471,53,28.713533107284082,JJ
construction,7.917468,-18.956097,16,23.502912408741125,NN
contemplate,-6.0338383,17.243237,10,23.502912408741125,VB
contest,5.8598385,-12.562797,14,23.502912408741125,NN
continent,0.0265816,-6.5656734,20,28.501755416394552,NN
continuance,5.2508683,-21.168873,15,24.59431618637297,NN
continue,-9.7614,24.935677,49,27.714749706752166,VB
continued,1.3683932,7.12758,20,29.00582481748225,VB
contrary,-2.7620997,18.037199,12,22.250877708197276,JJ
contributed,-2.128938,19.742939,13,20.818033540269386,VB
control,7.685758,-17.14829,48,28.437588093748378,NN
controversies,8.460798,-15.150145,15,20.818033540269386,NN
conviction,-2.7935834,5.459479,18,28.501755416394552,NN
cooperation,0.28014672,-4.521653,24,28.796246828663442,NN
correct,-6.379348,11.829243,11,24.59431618637297,JJ
cost,10.171746,-18.29873,24,27.636067080538773,NN
could,-8.761479,27.57567,68,25.642065497271314,MD
councils,2.9013965,-18.404425,11,23.502912408741125,NN
counsel,5.004071,-3.063485,19,24.59431618637297,NN
countries,0.70970356,4.394116,34,28.501755416394552,NN
country,12.561497,-27.023859,297,6.875176187496751,NN
countrymen,-11.016628,5.2838817,53,28.437588093748378,NN
courage,8.054282,-16.190802,32,29.188632372745946,NN
course,2.3219557,3.1270006,56,26.777982833515537,NN
court,6.9153013,-17.300344,14,23.502912408741125,NN
courts,10.159658,-12.245399,11,17.297158093186486,NN
covenant,5.0082073,-16.361744,11,15.125438854098638,NN
create,1.4694271,4.079665,16,27.051959939986375,VB
created,2.2766337,5.2182674,21,28.501755416394552,VB
credit,5.0307117,-17.246756,24,28.501755416394552,NN
crime,-4.5521526,13.999507,13,23.502912408741125,NN
crisis,-6.7420726,5.443171,14,26.35676655364204,NN
cultivate,3.0985816,-10.226605,12,24.59431618637297,VB
currency,5.5933914,-16.919653,23,25.541209043760983,NN
danger,2.3130236,-2.4111037,39,29.135211801540407,NN
dangerous,-1.7209918,12.701903,16,25.541209043760983,JJ
dangers,-2.73556,4.0085883,30,28.501755416394552,NN
dare,-7.64038,25.796957,10,20.818033540269386,VB
dark,-1.3598185,-5.9023476,12,24.59431618637297,JJ
day,10.979268,-15.434975,74,24.319864607484806,NN
days,0.1658601,5.4134655,22,27.636067080538773,NN
debt,3.6358986,-9.4593115,24,28.117036768742114,NN
decent,1.7539036,-17.28245,10,22.250877708197276,JJ
decision,-8.747919,14.117444,13,26.35676655364204,NN
decisions,-2.5200284,-6.140334,14,25.541209043760983,NN
declaration,9.883474,-25.09255,15,28.117036768742114,NN
declare,-6.47957,12.849568,12,25.541209043760983,VB
declared,-2.4483209,12.324851,16,27.051959939986375,VB
dedication,1.3097018,-7.1221557,12,24.59431618637297,NN
deep,-2.8334837,4.5693035,21,28.796246828663442,JJ
deeply,-3.669537,9.809536,24,29.169888105663883,RB
defend,10.894626,-16.960556,23,28.796246828663442,VB
defense,8.230028,-21.3085,46,29.188632372745946,NN
degree,3.9244285,-15.175876,32,29.135211801540407,NN
demand,0.026262695,-1.9367328,25,28.796246828663442,NN
demands,6.643565,-11.407201,23,27.636067080538773,NN
democracy,2.0608068,-3.3259897,58,28.501755416394552,NN
democratic,-2.8250568,3.134376,19,24.59431618637297,JJ
deny,-9.102275,13.283995,10,22.250877708197276,VB
department,9.172779,-22.836176,24,25.541209043760983,NN
departments,10.920771,-21.699118,27,28.501755416394552,NN
depend,-7.898024,8.939802,19,28.796246828663442,VB
depends,-6.452321,10.13299,12,25.541209043760983,VB
depression,10.602052,-22.981956,14,25.541209043760983,NN
desire,-6.24621,18.06405,43,29.082418087521972,NN
despotism,-6.6669273,-4.772975,10,20.818033540269386,NN
destinies,7.1045375,-22.098164,11,23.502912408741125,NN
destiny,-2.5721924,-2.4100952,31,29.135211801540407,NN
destroy,-5.821536,13.602928,20,27.636067080538773,VB
destruction,8.731766,-17.264345,23,27.636067080538773,NN
determination,3.208778,-2.9251332,22,28.117036768742114,NN
determined,-4.0871625,17.653683,27,28.796246828663442,VB
development,6.3316317,-19.226713,20,26.35676655364204,NN
devoted,7.510924,-17.632748,14,23.502912408741125,VB
devotion,7.171203,-17.118713,26,29.135211801540407,NN
did,-8.491588,27.39004,44,28.713533107284082,VB
difference,-1.3053252,3.71739,24,28.501755416394552,NN
differences,-1.4622393,1.83267,24,28.117036768742114,NN
different,4.0492706,-19.918402,30,29.169888105663883,JJ
difficult,-7.0394855,20.08638,18,28.117036768742114,JJ
difficulties,-0.43768975,1.2548639,21,28.117036768742114,NN
difficulty,7.4653745,0.5349897,13,20.818033540269386,NN
dignity,3.9137833,-12.721244,25,28.117036768742114,NN
direct,-2.015394,-0.9332278,18,27.636067080538773,JJ
directed,-6.9167147,20.495947,11,24.59431618637297,VB
direction,8.486084,-11.657164,21,27.636067080538773,NN
directly,-7.294361,-5.723169,14,25.541209043760983,RB
discharge,8.439951,-18.105215,31,29.188632372745946,NN
discipline,-8.2485075,7.429681,10,20.818033540269386,NN
discussion,-1.143675,0.24139495,15,25.541209043760983,NN
disposition,-3.9812665,12.09036,13,26.35676655364204,NN
distant,2.074991,-9.656758,16,27.636067080538773,JJ
distinction,-5.781409,4.524815,10,23.502912408741125,NN
distinguished,-6.3968587,0.7785573,23,28.117036768742114,VB
diversity,4.625896,-14.299563,10,23.502912408741125,NN
divide,9.7404375,-9.250822,10,23.502912408741125,VB
divided,-3.9890263,-1.8055469,14,25.541209043760983,VB
divine,-5.431085,6.0119166,16,28.117036768742114,NN
division,-5.225412,5.1629977,12,24.59431618637297,NN
divisions,3.5682647,-5.120998,10,22.250877708197276,NN
do,-10.157522,29.337616,221,10.658230506810046,VB
does,-7.8302283,24.233204,44,28.437588093748378,VB
doing,-5.3825746,15.286246,18,26.35676655364204,VB
domestic,5.6331534,-13.457621,48,28.929348421755872,JJ
done,-9.777689,27.494621,54,28.929348421755872,VB
doubt,-8.764319,25.27546,24,29.00582481748225,NN
down,-4.1329055,5.0205946,23,29.00582481748225,RP
drawn,-5.971147,19.582932,13,22.250877708197276,VB
dream,-2.469405,-4.1944904,17,23.502912408741125,NN
dreams,-0.59730697,15.901533,13,19.17838327682102,NN
due,-1.4297407,-2.3693597,30,29.00582481748225,JJ
during,7.0556316,-10.859456,27,29.00582481748225,IN
duties,3.2354338,-11.638421,90,24.319864607484806,NN
duty,10.139279,-20.156757,116,21.16053487214126,NN
each,5.4097447,-22.342607,117,16.33977621132777,DT
early,1.7169323,-0.029522246,22,24.59431618637297,JJ
earnest,-2.7768323,6.4323344,18,25.541209043760983,JJ
earth,7.6230655,-23.525608,55,28.437588093748378,NN
economic,3.9705105,-11.723952,46,28.117036768742114,JJ
economy,2.51604,-3.058587,49,26.777982833515537,NN
education,6.299029,-15.04959,32,29.188632372745946,NN
effect,-1.8276913,0.7169048,36,28.796246828663442,NN
effective,-2.9305894,1.0899228,24,27.051959939986375,JJ
effects,0.5227203,-7.2462764,11,20.818033540269386,NN
efficiency,-1.3136108,6.665189,11,22.250877708197276,NN
efficient,-5.6971226,-8.677447,12,22.250877708197276,JJ
effort,0.23676196,-2.6685748,44,28.437588093748378,NN
efforts,-0.57058567,3.1854234,37,28.437588093748378,NN
either,2.9676292,-1.3842057,43,28.929348421755872,CC
elected,-4.2773166,21.875248,16,25.541209043760983,VB
election,-0.8053493,2.3190947,30,27.636067080538773,NN
elections,0.8816112,-8.534123,12,24.59431618637297,NN
elements,10.295146,-11.061388,11,24.59431618637297,NN
emergency,7.7129407,-21.809435,11,19.17838327682102,NN
employed,-5.7825975,10.5066395,13,27.051959939986375,VB
employees,-3.0516534,-5.73773,10,15.125438854098638,NN
employment,5.863013,-15.64914,13,24.59431618637297,NN
enable,-8.0228405,15.527387,12,25.541209043760983,VB
encourage,-2.1071718,1.0070152,21,29.00582481748225,VB
encouragement,3.4504712,-12.439251,21,27.636067080538773,NN
encouraging,0.4800741,7.6052527,10,22.250877708197276,VB
end,3.2410579,-2.3443851,42,26.23407353748423,NN
endeavor,-8.303876,20.153,27,29.00582481748225,NN
ends,2.4557104,-9.869515,10,23.502912408741125,NN
endure,-9.7101145,18.794605,11,24.59431618637297,VB
enemies,6.7310534,-13.167692,17,26.35676655364204,NN
energies,6.251528,-14.278457,10,23.502912408741125,NN
energy,0.38238192,-10.439888,18,28.117036768742114,NN
enforce,2.0848217,-8.019558,18,24.59431618637297,VB
enforced,-8.099925,23.5747,12,20.818033540269386,VB
enforcement,3.683715,-13.701888,19,17.297158093186486,NN
engaged,-3.6091022,-4.954895,16,26.35676655364204,VB
enjoy,-7.901653,5.2774153,17,25.541209043760983,VB
enjoyed,-4.540792,17.933256,13,26.35676655364204,VB
enlarged,0.9161945,13.406943,11,25.541209043760983,JJ
enlightened,2.5138507,-11.122298,23,28.796246828663442,JJ
enough,-5.0395813,18.81394,27,27.636067080538773,RB
enter,-7.46775,25.087044,20,27.051959939986375,VB
entering,0.70804334,0.22249904,10,23.502912408741125,VB
enterprise,3.762668,-10.406016,28,29.00582481748225,NN
enterprises,2.29418,5.1037097,12,22.250877708197276,NN
entire,4.4690313,-4.0624237,16,24.59431618637297,JJ
entirely,-3.330434,7.1512017,11,20.818033540269386,RB
entitled,-3.8285706,5.031018,14,23.502912408741125,VB
equal,2.7295706,-1.2358314,71,24.319864607484806,JJ
equality,0.6752018,-4.1501956,25,29.135211801540407,NN
equally,-3.344393,12.831417,31,27.636067080538773,RB
era,2.3026853,-12.765885,18,24.59431618637297,NN
error,3.8268638,8.180457,11,19.17838327682102,NN
errors,-4.7379456,16.952482,11,22.250877708197276,NN
especially,-6.8839464,4.4508486,22,28.117036768742114,RB
essential,0.35475677,-6.121503,40,27.714749706752166,JJ
establish,-4.642711,2.5627382,18,27.636067080538773,VB
established,-6.2246594,19.508747,28,29.00582481748225,VB
establishment,9.385934,-20.75163,17,27.636067080538773,NN
europe,3.8356497,-21.355947,19,25.541209043760983,NN
european,4.875182,-12.384226,14,20.818033540269386,JJ
even,-5.128301,8.696292,66,23.592493657326887,RB
event,0.44956148,11.104183,16,23.502912408741125,NN
events,0.10863943,1.4132193,23,28.501755416394552,NN
ever,-3.3801405,20.432827,77,23.592493657326887,RB
every,8.220586,-26.134148,276,9.42706621456816,DT
everything,-8.483791,17.868841,13,25.541209043760983,NN
everywhere,-5.050475,11.466278,19,27.051959939986375,RB
evil,-0.68803936,-4.83483,26,28.796246828663442,NN
evils,9.494207,-12.428217,12,23.502912408741125,NN
exalted,0.16652507,2.5273042,12,25.541209043760983,VB
example,-0.6187174,-4.4324393,36,29.188632372745946,NN
examples,5.010335,2.8622084,10,22.250877708197276,NN
except,-3.8248045,5.9102187,19,27.636067080538773,IN
execute,-1.9361233,1.7086183,18,28.117036768742114,VB
execution,6.1366005,-23.139992,12,24.59431618637297,NN
executive,11.14523,-26.16301,97,27.714749706752166,NN
exercise,7.540584,-17.65431,41,29.135211801540407,NN
exercised,-0.015411975,9.352737,12,20.818033540269386,VB
exist,-7.542571,13.179947,17,24.59431618637297,VB
existed,6.7030053,-3.4813,11,22.250877708197276,VB
existence,6.640097,-15.367347,34,28.713533107284082,NN
existing,-1.2374264,-0.42976022,18,23.502912408741125,VB
exists,-0.18875617,14.248259,14,24.59431618637297,VB
expansion,8.004514,-21.147058,11,23.502912408741125,NN
expect,-9.07462,25.469166,32,28.796246828663442,VB
expected,-8.133943,23.239985,17,27.051959939986375,VB
expenditure,2.7298546,-0.18279296,14,25.541209043760983,NN
expenditures,1.4461448,-1.9932649,24,28.117036768742114,NN
experience,-11.666626,11.941314,52,27.714749706752166,NN
experiment,2.3555644,-4.8124986,22,28.117036768742114,NN
express,-6.2762356,3.7232206,21,28.796246828663442,VB
expressed,2.941467,5.4669743,13,25.541209043760983,VB
expression,8.817065,-18.345966,27,28.501755416394552,NN
extend,-2.811047,13.081026,16,26.35676655364204,VB
extended,-1.7098726,15.921215,31,28.501755416394552,VB
extension,1.5195135,10.863804,10,22.250877708197276,NN
extent,2.434312,-2.315628,30,28.796246828663442,NN
extraordinary,-1.781221,0.3110141,11,23.502912408741125,JJ
eyes,-1.9462103,-12.831887,13,24.59431618637297,NN
face,-2.669025,10.523162,30,29.135211801540407,VB
fact,-1.2248678,-5.740742,30,29.188632372745946,NN
faculties,9.788364,-22.515322,10,23.502912408741125,NN
fail,-9.686567,25.6387,29,28.796246828663442,VB
failed,-2.1814528,19.242184,13,22.250877708197276,VB
failure,0.22925757,-4.548028,21,27.051959939986375,NN
fair,-2.3056386,2.646305,36,28.713533107284082,JJ
faith,7.474645,-14.970882,85,22.011649634964495,NN
faithful,3.6165662,-12.142394,35,28.713533107284082,JJ
faithfully,-7.423022,19.989288,16,24.59431618637297,RB
fall,-9.147234,10.795002,10,22.250877708197276,VB
false,-0.604719,4.5060706,15,22.250877708197276,JJ
families,7.781395,-2.719744,11,22.250877708197276,NN
family,7.3259926,-15.620335,25,29.00582481748225,NN
far,-10.13347,23.81063,77,22.011649634964495,RB
fate,-1.0149469,-4.8616657,12,23.502912408741125,NN
fathers,2.5336182,-5.818086,29,29.135211801540407,NN
favor,3.816715,-2.8949473,39,29.169888105663883,NN
favorable,-9.372422,2.0209432,10,23.502912408741125,JJ
favored,5.7629633,-2.03648,10,23.502912408741125,JJ
fear,-3.7871497,9.144316,39,28.437588093748378,NN
federal,11.435151,-26.392036,73,29.188632372745946,NN
feel,-8.317392,26.407465,29,29.082418087521972,VB
feeling,1.1430198,-7.7214613,27,25.541209043760983,NN
feelings,8.768527,-14.745634,13,23.502912408741125,NN
fellow,-10.693341,4.760691,47,29.135211801540407,JJ
fellow-citizens,-10.927319,5.217298,91,27.714749706752166,NN
felt,-6.738367,21.62222,17,28.117036768742114,VB
few,-2.0329654,-1.2004198,29,29.135211801540407,JJ
field,7.0931144,-4.385563,13,23.502912408741125,NN
final,9.314218,-17.082907,10,20.818033540269386,JJ
finally,-3.7617505,9.088338,14,25.541209043760983,RB
financial,4.919847,-6.281478,12,22.250877708197276,JJ
find,-6.926848,20.856606,64,22.82268438028926,VB
fire,2.3421576,0.38631028,13,23.502912408741125,NN
firm,-0.2500513,-7.1318135,21,29.188632372745946,NN
first,10.108915,-24.184801,94,20.27042360308082,JJ
fixed,-3.552548,3.067569,13,26.35676655364204,JJ
flag,0.052319873,-16.183258,12,23.502912408741125,NN
follow,-9.256725,15.056079,17,27.636067080538773,VB
followed,-3.9155588,15.985952,14,27.636067080538773,VB
for,12.973404,-25.778896,1134,0.0,IN
forbearance,-0.8865932,-11.329011,14,23.502912408741125,NN
force,4.4479785,-15.450784,76,26.777982833515537,NN
forces,3.868788,-4.8259254,23,27.636067080538773,NN
foreign,8.755577,-23.878262,101,25.642065497271314,JJ
forever,-6.060365,6.602908,14,27.636067080538773,RB
form,-0.24294673,-5.756703,43,27.714749706752166,NN
formation,4.8868313,-9.700731,12,23.502912408741125,NN
formed,1.3165509,2.7789247,24,27.051959939986375,VB
former,7.167752,-18.669798,19,24.59431618637297,JJ
forms,7.0435853,-19.68775,24,27.636067080538773,NN
forth,-2.5599442,0.48294476,18,28.117036768742114,NN
forward,-3.4410455,8.3257885,29,28.117036768742114,RB
found,-9.110385,25.71217,61,26.777982833515537,VB
foundations,2.7199194,-9.080975,15,26.35676655364204,NN
founded,-0.5067015,6.738552,15,25.541209043760983,VB
founders,8.552062,-11.206596,13,24.59431618637297,NN
four,-4.7002163,-5.3854156,30,28.501755416394552,CD
free,10.675055,-25.84893,177,11.85869684351175,JJ
freedom,9.119953,-25.160604,180,23.592493657326887,NN
friend,1.6815467,-4.9475937,12,24.59431618637297,NN
friendly,-2.6681108,0.9530773,20,25.541209043760983,JJ
friends,-9.558705,3.9751837,34,29.00582481748225,NN
friendship,0.43009925,-4.0611787,21,28.501755416394552,NN
from,14.63828,-17.284058,545,1.4294994135043235,IN
fulfillment,0.24401467,-12.045706,12,24.59431618637297,NN
full,6.7201285,-17.817947,63,26.23407353748423,JJ
fully,-1.6741241,13.294474,23,28.501755416394552,RB
functions,6.757483,-10.127223,19,28.796246828663442,NN
fundamental,-0.8749721,4.300548,14,24.59431618637297,JJ
further,-7.0208697,14.567453,34,29.188632372745946,JJ
future,7.6416073,-18.565409,86,14.164836175043943,NN
gave,1.0591631,12.048586,10,20.818033540269386,VB
general,8.77368,-21.997482,75,27.272134161077553,JJ
generally,-0.5149129,12.9108095,14,24.59431618637297,RB
generation,3.9723723,-3.5049798,31,28.117036768742114,NN
generations,1.8731904,-0.41576657,26,29.169888105663883,NN
generous,4.4983544,-10.881304,20,28.117036768742114,JJ
genius,8.329094,-15.769865,17,27.051959939986375,NN
give,-8.948777,18.687284,66,19.342342291834044,VB
given,-11.9335575,22.96121,62,25.642065497271314,VB
gives,-1.4449843,9.285102,11,24.59431618637297,VB
globe,9.502759,-14.737052,11,23.502912408741125,NN
glory,7.6022854,-12.254735,12,25.541209043760983,NN
go,-9.717968,22.224625,47,28.103919879972757,VB
goal,7.2441144,-13.9302,11,22.250877708197276,NN
god,-9.538068,13.595117,90,22.82268438028926,NN
gold,-8.488375,-1.4874536,10,20.818033540269386,NN
gone,-11.837421,11.771069,12,24.59431618637297,VB
good,6.312149,-0.7721071,141,10.658230506810046,JJ
govern,-6.709396,16.815075,18,25.541209043760983,VB
governed,-1.5598598,-9.89459,10,20.818033540269386,VB
government,11.974103,-27.799444,562,8.165843601063113,NN
governments,10.367322,-22.50371,50,27.714749706752166,NN
grant,5.385736,-9.284811,14,17.297158093186486,NN
granted,-3.4311082,20.422785,23,27.051959939986375,VB
grateful,3.3614295,-7.2907367,13,27.051959939986375,JJ
gratitude,3.4451654,-6.189552,16,27.051959939986375,NN
grave,-0.92246115,13.714153,10,19.17838327682102,JJ
great,11.7057,-26.75457,330,4.207839759945508,JJ
greater,1.2777556,-1.9192837,49,27.714749706752166,JJ
greatest,8.004227,-17.119404,39,28.713533107284082,JJ
greatly,-6.442169,19.200294,19,26.35676655364204,RB
greatness,1.471747,-13.756054,12,22.250877708197276,NN
ground,1.5768753,-6.2914267,11,24.59431618637297,NN
growing,-2.97293,0.076290146,12,22.250877708197276,VB
growth,5.9509797,-17.185915,27,29.00582481748225,NN
guaranty,-4.837284,4.3358808,11,24.59431618637297,NN
guidance,-0.5525025,-0.18140665,16,28.117036768742114,NN
guide,-7.6985855,2.9089253,11,24.59431618637297,VB
habits,-1.3710908,-15.478098,10,22.250877708197276,NN
had,-8.126915,28.026125,131,22.011649634964495,VB
half,5.4734244,-14.471841,13,25.541209043760983,PD
hand,-2.0724568,-3.822053,50,29.082418087521972,NN
hands,7.58613,-16.748154,43,28.929348421755872,NN
happily,-3.325608,19.612164,13,26.35676655364204,RB
happiness,6.860399,-20.465397,47,28.103919879972757,NN
happy,4.336003,0.96196866,30,27.636067080538773,JJ
hard,-5.173466,10.357117,14,25.541209043760983,JJ
harmony,3.9691682,-10.163974,26,28.501755416394552,NN
has,-7.753558,29.690569,599,0.0,VB
have,-8.2987995,29.723251,982,0.0,VB
having,-3.2064624,-4.7498074,46,29.169888105663883,VB
he,-11.119572,25.749302,109,21.16053487214126,PR
health,9.171064,-16.406166,17,25.541209043760983,NN
heard,-9.537482,21.245579,11,20.818033540269386,VB
heart,8.55219,-18.80234,37,28.929348421755872,NN
hearts,4.9208226,-13.544072,26,29.135211801540407,NN
heaven,2.2069166,-0.72186387,11,23.502912408741125,NN
held,-5.4385247,8.065467,16,26.35676655364204,VB
help,-8.788781,18.056059,53,29.135211801540407,VB
helped,-8.712234,24.615973,14,19.17838327682102,VB
hemisphere,4.890621,-5.095698,10,23.502912408741125,NN
her,1.9401734,-1.0118989,44,27.636067080538773,PR
here,-6.7882547,20.049149,73,22.011649634964495,RB
heretofore,-2.571964,19.88915,15,25.541209043760983,RB
high,3.451748,-11.385071,76,21.16053487214126,JJ
higher,-3.3303661,-4.593246,18,24.59431618637297,JJ
highest,6.748109,-18.16513,38,29.082418087521972,JJ
him,-6.8955197,11.1252165,47,29.00582481748225,PR
himself,-5.1231704,10.116788,22,29.00582481748225,PR
his,8.236413,-26.092516,207,11.85869684351175,PR
history,7.949624,-23.537262,93,24.319864607484806,NN
hitherto,5.3418694,4.9430895,10,20.818033540269386,NN
hold,-1.6381178,16.686354,37,29.00582481748225,VB
home,7.7305226,-21.226824,69,25.642065497271314,NN
homes,6.1358852,-21.625732,14,24.59431618637297,NN
honest,2.6684191,-9.986564,25,28.796246828663442,JJ
honor,8.288438,-16.764355,58,25.642065497271314,NN
honorable,4.1517587,-10.822101,28,29.135211801540407,JJ
hope,-8.508118,25.607763,112,14.164836175043943,NN
hopes,8.4853325,-16.412025,37,29.082418087521972,NN
hostile,3.4535315,1.7465284,10,22.250877708197276,JJ
hour,3.517083,-14.252333,11,23.502912408741125,NN
house,8.637456,-18.065332,11,22.250877708197276,NN
how,-6.1368937,15.83488,40,29.082418087521972,WR
however,-8.9086685,23.801594,54,28.103919879972757,RB
human,8.76068,-24.614847,93,23.592493657326887,JJ
humanity,3.2162604,-14.699679,28,29.135211801540407,NN
humble,-5.023237,6.758477,12,25.541209043760983,JJ
humbly,-5.5642,15.686356,11,23.502912408741125,RB
hundred,6.9548464,-12.503051,10,22.250877708197276,CD
i,-11.717969,28.494799,827,1.4294994135043235,PR
idea,-1.1767535,-7.504462,15,23.502912408741125,NN
ideal,-1.9541657,10.241118,12,22.250877708197276,NN
ideals,3.1921942,-19.611116,26,24.59431618637297,NN
ideas,7.1878853,-1.9873405,11,22.250877708197276,NN
if,-9.635668,29.243015,285,6.875176187496751,IN
ignorance,2.6656976,6.94072,11,22.250877708197276,NN
immediate,-2.3075738,-5.374758,19,26.35676655364204,JJ
importance,6.7839417,-13.463168,44,28.796246828663442,NN
important,-2.5014393,5.188385,63,25.642065497271314,JJ
imposed,-7.635636,3.2493083,13,25.541209043760983,VB
impossible,-8.608985,23.272875,14,26.35676655364204,JJ
improvement,4.842137,-17.44044,24,27.636067080538773,NN
in,12.83026,-27.492943,2730,0.0,IN
inauguration,2.5903904,-15.797299,11,24.59431618637297,NN
increase,7.233872,-16.72659,40,29.00582481748225,NN
increased,4.7049003,4.0789185,16,24.59431618637297,VB
increasing,-0.38052782,-2.4846401,20,27.051959939986375,VB
indeed,-6.5046105,14.970325,23,27.051959939986375,RB
independence,8.695198,-22.835144,44,28.437588093748378,NN
independent,7.8393874,-7.5296307,32,28.796246828663442,JJ
indispensable,-6.634182,-1.9193444,10,22.250877708197276,JJ
individual,6.350725,-16.955462,50,28.713533107284082,JJ
individuals,0.5313625,4.719252,24,29.135211801540407,NN
industrial,7.292976,-16.110796,32,27.636067080538773,JJ
industries,1.6336423,0.41305426,13,26.35676655364204,NN
industry,3.8532844,-8.790413,31,29.00582481748225,NN
inevitable,-1.2731628,13.248185,10,23.502912408741125,JJ
influence,8.544282,-18.709684,57,27.272134161077553,NN
information,-5.534384,-5.779885,12,24.59431618637297,NN
inhabitants,7.951845,-7.659473,10,19.17838327682102,NN
injury,-6.695326,15.629089,13,20.818033540269386,NN
injustice,1.8102484,-12.416076,13,26.35676655364204,NN
inseparable,8.62541,-9.777574,11,23.502912408741125,JJ
instance,-0.08276285,3.6978586,14,24.59431618637297,NN
instances,8.134593,-10.3986435,10,19.17838327682102,NN
instead,2.8068848,1.9245152,20,28.501755416394552,RB
institution,8.740231,-13.844873,11,23.502912408741125,NN
institutions,10.450995,-22.391348,76,28.103919879972757,NN
instrument,6.526082,-16.058743,33,28.796246828663442,NN
integrity,9.386696,-21.288296,24,28.501755416394552,NN
intelligence,6.0036163,-20.865137,19,28.117036768742114,NN
intelligent,-4.763967,-3.9646373,12,23.502912408741125,JJ
intended,-6.954068,11.926271,14,23.502912408741125,VB
intercourse,-1.0204942,-3.2347133,25,27.051959939986375,NN
interest,5.2165184,-16.506392,73,26.23407353748423,NN
interests,10.941869,-26.611212,112,25.003510832789107,NN
interfere,8.367249,-6.0302095,11,22.250877708197276,VB
interference,5.297827,-10.600247,12,23.502912408741125,NN
internal,-3.8261285,-0.80047846,21,26.35676655364204,JJ
international,4.1769505,-10.406028,35,28.117036768742114,JJ
interstate,1.6195211,5.8676205,10,5.78135971352466,JJ
into,11.770852,-18.872843,123,15.269083229370153,IN
intrusted,3.8809278,2.1533654,11,22.250877708197276,VB
invasion,-3.0580456,3.4868493,14,19.17838327682102,NN
invoke,-2.7090704,16.442255,10,24.59431618637297,VB
involved,-3.0932434,-9.729767,10,20.818033540269386,VB
is,-6.4607534,27.079245,1386,1.4294994135043235,VB
islands,9.499059,-20.933136,11,17.297158093186486,NN
issue,1.2996411,-11.945783,17,24.59431618637297,NN
it,-11.611451,28.535976,1349,0.0,PR
its,9.933631,-27.831665,557,2.832280724957402,PR
itself,4.2184553,-9.607276,72,23.592493657326887,PR
january,-0.26672548,7.751543,19,29.135211801540407,NN
jefferson,-0.92729557,9.454965,11,19.17838327682102,NN
join,-9.167149,17.491919,19,27.636067080538773,VB
journey,-3.0625224,9.373221,12,19.17838327682102,NN
judgment,-1.3482552,3.0083857,36,28.929348421755872,NN
judicial,5.5496087,-8.19294,11,22.250877708197276,JJ
jurisdiction,-4.0964575,4.550901,16,20.818033540269386,NN
just,3.7054336,-5.7823105,115,11.85869684351175,RB
justice,3.1991613,-16.277346,134,14.164836175043943,NN
justly,-7.475071,17.042002,15,27.636067080538773,RB
keep,-9.067391,18.861467,24,29.135211801540407,VB
keeping,2.6214542,0.62849027,10,22.250877708197276,VB
kept,-10.093881,24.838564,11,25.541209043760983,VB
kind,-5.289667,8.586356,12,24.59431618637297,NN
know,-9.391318,28.501644,95,25.003510832789107,VB
knowing,-3.4011724,14.590285,11,24.59431618637297,VB
knowledge,5.890783,-11.6364565,37,29.188632372745946,NN
known,-5.733713,21.119478,25,29.169888105663883,VB
labor,1.9428897,-1.2592854,45,29.169888105663883,NN
land,11.198663,-22.940071,68,23.592493657326887,NN
lands,0.85542595,6.1416183,20,29.00582481748225,NN
language,4.914399,-10.437805,12,23.502912408741125,NN
large,-2.7653148,5.374775,37,29.169888105663883,JJ
largely,0.48194095,-8.983229,10,23.502912408741125,RB
larger,4.325414,-15.469095,14,24.59431618637297,JJ
last,0.4446566,-2.848146,41,28.437588093748378,JJ
lasting,6.1939683,-12.66804,14,26.35676655364204,JJ
late,4.990423,1.9139249,14,22.250877708197276,JJ
latter,-4.290915,6.584629,11,20.818033540269386,NN
law,8.892546,-23.9833,125,22.82268438028926,NN
laws,10.483902,-23.32427,132,25.003510832789107,NN
lead,-8.420386,14.848153,27,29.169888105663883,VB
leaders,8.033581,-22.32145,13,22.250877708197276,NN
leadership,5.945878,-6.241611,21,23.502912408741125,NN
leading,1.5945551,-8.776328,14,26.35676655364204,JJ
leads,-8.979371,7.936277,10,20.818033540269386,VB
learn,-7.16063,15.054991,13,24.59431618637297,VB
learned,-9.300786,26.51095,13,22.250877708197276,VB
least,-8.042866,11.789985,18,26.35676655364204,JJ
leave,-8.030946,21.058731,23,29.135211801540407,VB
led,-4.7438912,21.614965,15,28.117036768742114,VB
left,-3.8619912,20.63842,23,27.636067080538773,VB
legal,1.2605556,-9.825285,13,24.59431618637297,JJ
legislation,-3.9034781,9.609097,42,28.501755416394552,NN
legislative,10.0994835,-22.03579,26,26.35676655364204,JJ
legislature,1.1721518,9.263615,14,19.17838327682102,NN
legitimate,2.4051394,-6.6616535,20,26.35676655364204,JJ
less,-8.238583,21.971401,77,17.376116065169615,JJ
let,-4.624109,23.466167,142,22.82268438028926,VB
liberal,6.2961617,-4.9461975,17,25.541209043760983,JJ
liberties,6.170933,-11.83247,14,23.502912408741125,NN
liberty,10.108786,-25.425413,114,18.37726474549189,NN
lies,-1.5973272,-4.5533075,18,27.051959939986375,VB
life,9.680322,-24.648975,130,13.027797773774324,NN
light,0.33147743,-7.7160535,25,28.501755416394552,NN
like,0.10598633,-7.0229015,55,28.713533107284082,IN
likely,-3.6855397,6.3425226,14,19.17838327682102,JJ
limitations,4.696472,-8.805531,15,27.051959939986375,NN
limited,-1.7201362,8.45635,20,28.501755416394552,JJ
limits,8.239359,-10.895466,37,28.796246828663442,NN
lines,-0.6151799,-6.3948674,18,26.35676655364204,NN
little,-9.221249,22.070063,34,29.082418087521972,JJ
live,-7.6689754,20.16895,52,28.103919879972757,VB
lives,9.561538,-21.593033,46,28.437588093748378,NN
living,-4.8053565,-1.9022837,19,27.051959939986375,NN
local,5.9793224,-8.636286,41,29.082418087521972,JJ
long,-9.156141,22.644264,89,16.33977621132777,RB
longer,-6.6643233,18.465334,22,28.796246828663442,RB
look,-8.30616,25.498798,42,29.082418087521972,VB
looking,-3.3535435,-3.2277434,13,22.250877708197276,VB
loss,-1.9060171,-7.2604027,12,23.502912408741125,NN
lost,-4.0808215,2.7515733,10,23.502912408741125,VB
lot,-7.860262,-0.13129956,11,23.502912408741125,NN
love,3.931743,-2.619087,50,27.714749706752166,NN
made,-11.530981,23.807228,152,17.376116065169615,VB
magistrate,7.582762,-0.89569086,11,22.250877708197276,NN
maintain,0.65439975,0.86722404,46,26.777982833515537,VB
maintained,-2.2620108,17.09057,18,27.636067080538773,VB
maintaining,4.572627,-18.924381,16,24.59431618637297,VB
maintenance,8.633815,-24.639341,18,27.051959939986375,NN
majority,7.5256815,-9.724512,24,26.35676655364204,NN
make,-9.336428,25.438524,131,16.33977621132777,VB
makes,-0.6679058,-7.2920914,15,27.051959939986375,VB
making,-2.9758382,-3.029225,36,29.135211801540407,VB
man,4.1263533,-3.3265486,94,23.592493657326887,NN
mankind,1.9670734,-13.523118,42,28.713533107284082,NN
manner,0.33753842,-1.2934052,21,27.051959939986375,NN
manufactures,-8.917424,6.065726,16,25.541209043760983,NN
many,3.6401105,-20.748814,98,18.37726474549189,JJ
march,-5.060455,-0.6632545,42,22.011649634964495,NN
marked,-4.387546,-0.10070937,10,22.250877708197276,VB
markets,5.355422,-10.016713,13,24.59431618637297,NN
mass,9.368397,-13.210152,12,23.502912408741125,NN
master,-3.668118,13.760217,10,20.818033540269386,NN
material,-3.3975437,2.6370745,26,28.796246828663442,NN
matter,-4.8734612,15.973881,13,23.502912408741125,NN
matters,4.71243,-1.7808228,22,28.796246828663442,NN
may,-9.439548,29.892612,331,5.55565294921136,MD
me,-10.760443,25.107727,186,13.027797773774324,PR
mean,-5.899806,22.994608,13,22.250877708197276,VB
meaning,5.7509627,-18.719622,11,22.250877708197276,NN
means,-2.1716135,4.6010113,70,24.319864607484806,NN
measure,-2.4814699,9.577173,23,29.135211801540407,NN
measures,-1.6576781,6.7206903,42,28.796246828663442,NN
meet,-0.932517,15.525843,48,26.777982833515537,VB
member,2.9308598,-14.428922,14,24.59431618637297,NN
members,7.8287387,-14.347017,32,28.501755416394552,NN
men,4.2321043,-20.662836,137,14.164836175043943,NN
mere,1.2212466,-2.625539,26,26.35676655364204,JJ
merely,-7.733725,18.327564,24,28.501755416394552,RB
met,2.937182,11.738618,11,22.250877708197276,VB
method,6.1892347,-19.868877,11,20.818033540269386,NN
methods,0.63633674,-3.8716917,24,25.541209043760983,NN
might,-6.8061004,26.1934,66,26.777982833515537,MD
mighty,3.133952,-17.099749,13,25.541209043760983,JJ
military,4.9807434,-14.495924,32,29.00582481748225,JJ
militia,-8.015126,1.2546273,11,22.250877708197276,NN
millions,4.7627783,-20.44839,36,27.636067080538773,NN
mind,4.609882,-14.0709915,42,28.437588093748378,NN
minds,8.510708,-10.620763,13,24.59431618637297,NN
mine,0.4487429,3.4833205,14,24.59431618637297,NN
mission,-6.0091643,7.432069,10,22.250877708197276,NN
mode,-1.1970153,-10.605968,10,19.17838327682102,NN
modern,-0.5296819,-5.5978923,18,27.051959939986375,JJ
moment,-1.7495688,-7.7136207,32,29.135211801540407,NN
monday,-0.79951733,8.488396,14,27.636067080538773,NN
money,1.5494958,-3.0756462,35,28.117036768742114,NN
moral,10.765757,-21.590963,45,28.437588093748378,JJ
more,-12.58607,8.482081,302,6.875176187496751,RB
most,11.272937,-25.684023,169,13.027797773774324,RB
motives,-0.7760717,2.9170356,10,23.502912408741125,NN
move,-2.2339854,5.105076,13,25.541209043760983,VB
mr,0.9885694,2.9427602,31,25.541209043760983,NN
much,-10.224078,25.790823,98,22.011649634964495,JJ
must,-9.407745,29.905037,339,9.42706621456816,MD
mutual,2.8478472,-13.595518,23,27.636067080538773,JJ
my,-11.010283,13.935119,489,2.832280724957402,PR
myself,-8.376848,25.046982,33,29.135211801540407,PR
n't,-8.711654,25.952513,14,12.589191638410508,RB
name,-4.509647,12.971635,13,24.59431618637297,NN
narrow,3.8948839,-17.352947,12,23.502912408741125,JJ
nation,12.075311,-25.72665,286,6.875176187496751,NN
national,11.158857,-26.63898,154,15.269083229370153,JJ
nations,10.664419,-27.26942,191,9.42706621456816,NN
native,-2.0311413,-6.515725,11,22.250877708197276,JJ
natural,6.71176,-15.856348,15,26.35676655364204,JJ
nature,4.7051554,-5.040142,36,29.082418087521972,NN
naval,5.778175,-13.734496,17,22.250877708197276,JJ
navy,7.2065625,-19.270557,22,27.051959939986375,NN
nearly,-5.546804,11.103257,19,27.051959939986375,RB
necessarily,-3.3033264,18.032291,10,20.818033540269386,RB
necessary,-4.1997285,6.6412263,82,27.714749706752166,JJ
necessities,5.1481996,-11.730678,11,22.250877708197276,NN
necessity,6.980332,-19.365278,34,29.082418087521972,NN
need,-8.344252,26.928284,73,22.011649634964495,VB
needed,-5.430432,12.984659,20,26.35676655364204,VB
needs,1.1533754,-6.0304284,25,29.135211801540407,NN
negro,9.396039,-10.936105,13,9.56271942704932,NN
neighbors,4.2988157,-17.548151,18,28.117036768742114,NN
neither,-7.0958076,18.942162,28,29.00582481748225,DT
never,-10.363895,27.966719,119,15.269083229370153,RB
new,11.518034,-26.660112,224,11.85869684351175,JJ
next,1.5481789,3.047036,12,24.59431618637297,JJ
no,-10.72656,28.196726,446,2.832280724957402,DT
noble,2.5896297,2.504937,10,23.502912408741125,JJ
none,-7.661439,17.24622,32,29.135211801540407,NN
nor,-7.150264,18.909231,81,21.16053487214126,CC
north,8.237347,-19.792908,16,26.35676655364204,NN
not,-11.141616,28.914825,952,1.4294994135043235,RB
nothing,-9.739486,24.805868,48,28.713533107284082,NN
now,-9.492696,28.05209,207,8.165843601063113,RB
number,5.3783703,-15.294877,25,28.796246828663442,NN
numbers,6.070735,-17.315882,12,24.59431618637297,NN
oath,-2.5596824,10.724969,46,26.23407353748423,NN
obedience,2.1894712,-3.9440815,11,24.59431618637297,NN
object,-3.8928595,6.635736,36,28.501755416394552,NN
objects,-3.5317032,4.556032,31,29.00582481748225,NN
obligation,4.527961,-12.162323,25,29.00582481748225,NN
obligations,2.1218348,-2.4894161,32,29.188632372745946,NN
observe,-1.8784646,14.648527,13,24.59431618637297,VB
observed,-5.7837677,21.02329,12,20.818033540269386,VB
obvious,-1.074331,7.270355,16,24.59431618637297,JJ
occasion,-2.2105262,10.340714,37,28.103919879972757,NN
occurred,-3.5270784,19.008469,10,19.17838327682102,VB
ocean,11.86867,-18.922226,15,25.541209043760983,NN
of,12.828101,-27.819258,6911,0.0,IN
off,-3.6414156,4.0068464,13,24.59431618637297,RP
offer,-0.5929332,15.204142,17,28.501755416394552,VB
office,1.8642483,-13.702014,72,23.592493657326887,NN
officer,1.6215054,-5.711678,12,19.17838327682102,NN
officers,1.6914049,4.0005174,23,26.35676655364204,NN
offices,-1.2772092,6.3154187,16,23.502912408741125,NN
official,-8.905328,3.772312,18,26.35676655364204,JJ
often,-3.4464343,20.462557,27,29.188632372745946,RB
old,10.000119,-23.288013,72,26.23407353748423,JJ
on,12.837059,-25.940453,506,2.832280724957402,IN
once,-2.3713515,4.9374666,37,29.188632372745946,RB
one,8.083407,-24.711971,239,13.027797773774324,CD
only,-10.219424,26.936779,235,9.42706621456816,RB
open,1.3455086,-3.934568,19,28.117036768742114,JJ
operation,3.6134195,-19.294952,16,24.59431618637297,NN
opinion,2.742642,-1.8952137,49,29.082418087521972,NN
opinions,1.5708022,4.7056403,28,27.051959939986375,NN
opportunities,11.0533,-13.124705,12,25.541209043760983,NN
opportunity,0.5761156,-4.8223343,47,28.929348421755872,NN
opposed,-4.579194,17.574617,12,25.541209043760983,VB
opposition,8.972687,-18.49486,11,23.502912408741125,NN
or,11.43754,-22.85225,531,2.832280724957402,CC
order,5.872984,-18.707104,66,26.777982833515537,NN
ordinary,5.9572964,-7.5816283,11,23.502912408741125,JJ
organization,6.488353,-3.8747447,17,26.35676655364204,NN
organized,-3.1287322,11.437939,10,22.250877708197276,VB
original,13.845597,-21.872576,10,24.59431618637297,JJ
other,11.313065,-27.227928,257,6.875176187496751,JJ
others,-9.754959,13.9084215,75,22.82268438028926,NN
ought,-9.130317,28.27579,60,29.169888105663883,MD
our,9.965085,-28.039307,1993,1.4294994135043235,PR
ours,1.7915279,-1.4506226,21,27.051959939986375,NN
ourselves,-8.510501,17.805271,75,24.319864607484806,NN
out,8.356331,-21.285475,90,20.27042360308082,RP
over,10.753064,-21.297548,83,20.27042360308082,IN
own,12.889458,-26.599974,244,5.55565294921136,JJ
pacific,6.18574,-16.345203,13,23.502912408741125,NN
paid,-7.822135,19.128185,12,23.502912408741125,VB
part,10.606115,-21.822369,93,22.82268438028926,NN
partial,-5.5814657,12.547122,10,20.818033540269386,JJ
participation,6.146287,-20.616158,10,22.250877708197276,NN
particular,-0.1369065,5.9195666,14,24.59431618637297,JJ
parties,1.7725413,-15.20367,43,29.00582481748225,NN
partisan,-6.669456,-7.1407223,14,20.818033540269386,JJ
parts,10.143203,-24.983774,25,28.501755416394552,NN
party,8.156959,-21.846077,78,27.714749706752166,NN
pass,-8.914052,12.189148,16,26.35676655364204,VB
passed,-12.044882,22.525728,36,29.00582481748225,VB
passion,-5.518375,1.6444135,18,27.051959939986375,NN
past,7.7115297,-14.518922,52,26.777982833515537,JJ
path,-6.172662,13.955236,16,27.636067080538773,NN
patriotic,-2.6360664,1.740576,26,28.501755416394552,JJ
patriotism,4.6695766,-14.276057,32,29.188632372745946,NN
pay,-8.490012,16.72773,24,28.501755416394552,VB
peace,8.240011,-25.673899,247,14.164836175043943,NN
peaceful,-1.0548195,-8.272889,25,28.796246828663442,JJ
peculiar,-3.586027,10.0451975,18,27.636067080538773,JJ
people,12.114602,-27.936316,556,2.832280724957402,NN
peoples,5.3702426,-19.530426,39,27.051959939986375,NN
perfect,-0.80422467,0.9197072,25,28.117036768742114,JJ
perform,-8.864798,18.509268,18,27.636067080538773,VB
performance,6.077783,-13.839818,16,24.59431618637297,NN
perhaps,-8.144758,21.153543,23,28.796246828663442,RB
period,-0.13818438,-0.12955973,39,29.169888105663883,NN
permanent,2.3237615,-7.29778,34,29.169888105663883,JJ
permit,-8.24971,20.038694,18,26.35676655364204,VB
permitted,-0.16015007,16.788105,11,22.250877708197276,VB
person,-4.1020412,1.827601,17,27.051959939986375,NN
personal,-2.0822337,1.8374014,28,29.188632372745946,JJ
persons,6.1670117,-8.765906,14,24.59431618637297,NN
physical,1.0968878,-10.868164,10,20.818033540269386,JJ
place,4.452928,-15.232917,69,18.37726474549189,NN
placed,-6.001222,19.800478,30,29.00582481748225,VB
places,5.89004,-16.265368,16,27.636067080538773,NN
plan,-10.5000725,16.316696,11,24.59431618637297,NN
plans,-1.1549904,10.891159,13,24.59431618637297,NN
pledge,-2.3693595,16.034657,33,29.188632372745946,NN
pledged,1.5961847,2.4235852,13,26.35676655364204,VB
point,2.9670596,-7.0593324,22,28.796246828663442,NN
points,-1.2394884,-7.9820147,12,22.250877708197276,NN
policies,2.8954961,3.1849058,17,23.502912408741125,NN
policy,9.7542305,-17.633476,97,26.23407353748423,NN
political,8.606455,-23.165218,105,21.16053487214126,JJ
popular,2.6307986,-3.650085,26,28.117036768742114,JJ
population,4.2699823,4.5587716,34,29.188632372745946,NN
portion,8.077062,-17.221607,30,29.135211801540407,NN
position,-2.148052,11.398228,29,28.501755416394552,NN
possess,-6.4437447,20.99812,12,23.502912408741125,VB
possessed,-7.6350265,11.267503,10,19.17838327682102,VB
possible,-8.373238,23.107826,39,29.135211801540407,JJ
posterity,0.75021964,-5.002524,10,20.818033540269386,NN
poverty,6.6932707,-8.514474,19,26.35676655364204,NN
power,10.864255,-26.506023,227,14.164836175043943,NN
powerful,-1.6505173,-3.9018314,30,29.00582481748225,JJ
powers,10.523548,-21.858606,101,24.319864607484806,NN
practicable,-3.3215077,15.390965,16,25.541209043760983,JJ
practical,-2.755,5.8536158,27,28.796246828663442,JJ
practice,4.8058414,0.9091333,21,27.636067080538773,NN
pray,-6.175252,25.503178,10,22.250877708197276,VB
prayer,-1.3743315,-2.0764017,15,24.59431618637297,NN
precious,-3.689997,2.2435734,15,27.051959939986375,JJ
predecessor,-11.1848,5.5527606,17,24.59431618637297,NN
predecessors,-9.8223095,4.035964,13,23.502912408741125,NN
prejudice,3.21153,-8.869731,13,25.541209043760983,NN
prejudices,-4.4279933,9.303456,13,24.59431618637297,NN
prepared,-7.8163137,14.708177,13,23.502912408741125,JJ
prescribed,-6.0859413,-0.4106924,18,25.541209043760983,VB
presence,9.499457,-21.543303,28,29.188632372745946,NN
present,8.753951,-17.613823,84,23.592493657326887,JJ
preservation,9.94374,-20.66449,24,28.501755416394552,NN
preserve,0.49529943,-5.5117455,46,28.437588093748378,VB
preserved,-3.7472975,15.48362,27,28.501755416394552,VB
preserving,3.2089047,-3.7302253,12,22.250877708197276,VB
president,11.013343,-23.695625,80,24.319864607484806,NN
presidential,7.714288,-13.38638,10,22.250877708197276,NN
press,4.971553,-9.390367,14,24.59431618637297,NN
prevent,-5.829005,13.338857,26,27.051959939986375,VB
price,7.0636096,3.801854,17,25.541209043760983,NN
pride,0.17548083,-14.0477295,16,27.636067080538773,NN
principle,-2.7945433,3.8706002,58,28.713533107284082,NN
principles,7.845448,-14.46214,92,24.319864607484806,NN
private,5.3162994,-19.07735,27,29.188632372745946,JJ
privilege,-2.52686,-7.2084,16,25.541209043760983,NN
privileges,-0.043320797,-3.1263354,14,24.59431618637297,NN
problem,-2.8095627,12.19933,12,24.59431618637297,NN
problems,-5.590713,5.901494,34,28.796246828663442,NN
proceed,-9.901008,13.834598,11,24.59431618637297,VB
process,3.1605859,-13.172071,12,22.250877708197276,NN
produce,-0.9632226,1.4592113,34,29.00582481748225,VB
produced,2.156926,8.777643,10,20.818033540269386,VB
production,-6.225984,7.6485133,16,24.59431618637297,NN
productive,4.1739345,-1.5174572,16,27.051959939986375,JJ
products,7.0883713,-21.271631,18,25.541209043760983,NN
profit,5.4006896,-4.1538057,10,22.250877708197276,NN
profound,-5.1128435,2.5078745,14,25.541209043760983,JJ
program,-2.435958,8.336897,14,19.17838327682102,NN
progress,1.8228115,-14.950019,92,23.592493657326887,NN
promise,1.9970498,-2.5829315,43,29.00582481748225,NN
promises,-7.7977715,13.431112,13,23.502912408741125,NN
promote,-2.2793741,2.3668118,34,29.169888105663883,VB
promoted,-6.026494,19.8873,13,23.502912408741125,VB
proof,0.55991197,-17.937563,12,23.502912408741125,NN
proper,-3.9650354,6.355209,64,28.103919879972757,JJ
property,10.084552,-23.70415,30,27.636067080538773,NN
propose,-6.1416674,23.328535,10,19.17838327682102,VB
proposed,-5.8045583,2.6671216,10,22.250877708197276,VB
proposition,-4.9936047,9.339785,10,15.125438854098638,NN
prosperity,9.942862,-23.837534,66,25.003510832789107,NN
prosperous,0.66150844,2.3266594,19,27.051959939986375,JJ
protect,2.9064126,-4.551693,37,27.714749706752166,VB
protected,-0.46684915,11.923725,18,26.35676655364204,VB
protection,9.73933,-24.587587,57,28.437588093748378,NN
proud,-1.9420042,15.215842,16,26.35676655364204,JJ
proved,-12.189113,22.10675,16,26.35676655364204,VB
provide,-7.391919,17.495745,27,29.188632372745946,VB
provided,1.7390779,7.1153817,22,27.636067080538773,VB
providence,-1.8016331,11.242882,23,28.796246828663442,NN
provision,-5.9517965,12.878307,20,26.35676655364204,NN
provisions,-4.488171,-1.0234212,13,22.250877708197276,NN
public,11.34983,-27.16705,226,18.37726474549189,JJ
punishment,-7.5228124,4.428386,10,23.502912408741125,NN
purpose,1.1309533,-6.746474,82,23.592493657326887,NN
purposes,5.7234445,-20.31487,49,27.272134161077553,NN
pursue,-1.7547408,3.1848092,13,27.051959939986375,VB
pursued,-8.202995,19.19535,17,27.051959939986375,VB
put,-8.274506,16.773954,25,27.636067080538773,VB
question,-1.3934103,-2.1510231,56,28.713533107284082,NN
questions,0.35400367,-1.8400453,37,29.082418087521972,NN
race,4.0447316,-12.176405,40,29.135211801540407,NN
raised,-5.069228,19.053629,12,22.250877708197276,VB
rapid,-3.7691164,-3.168079,10,22.250877708197276,JJ
rather,-4.89803,10.464161,26,29.135211801540407,RB
reach,-2.7586691,11.646288,27,28.501755416394552,VB
reached,-4.9326935,21.05994,12,25.541209043760983,VB
ready,-5.463983,14.97976,25,28.501755416394552,JJ
real,-4.4102683,14.066064,19,27.636067080538773,JJ
realize,-7.7320843,20.332525,18,27.636067080538773,VB
realized,-5.661196,23.77781,14,22.250877708197276,VB
reason,-5.5432177,7.327909,37,29.00582481748225,NN
reasonable,-3.8753746,12.175459,17,26.35676655364204,JJ
receive,-9.234358,18.41034,15,27.051959939986375,VB
received,-3.5092058,21.165703,12,24.59431618637297,VB
recent,3.9522066,-4.6235256,20,28.501755416394552,JJ
recognize,-4.544131,13.366029,11,25.541209043760983,VB
recognized,-4.9731812,20.56362,12,25.541209043760983,VB
recommend,-6.0054564,5.0694194,13,25.541209043760983,VB
recovery,-0.037313398,-10.038016,10,12.589191638410508,NN
reduce,-3.2983267,10.289244,15,24.59431618637297,VB
reflect,-1.5193585,12.610249,11,23.502912408741125,VB
reform,3.100051,-5.103922,21,25.541209043760983,NN
reforms,6.4157815,-10.837226,10,17.297158093186486,NN
regard,3.8502014,-11.480754,45,29.082418087521972,NN
relation,-3.0663476,-3.340249,15,20.818033540269386,NN
relations,5.1513057,-11.721712,47,28.103919879972757,NN
reliance,-5.362828,3.6210475,10,22.250877708197276,NN
relief,-1.7190512,4.734203,16,26.35676655364204,NN
relieve,-6.788077,13.891857,10,20.818033540269386,VB
religion,5.298607,-4.544872,17,27.636067080538773,NN
religious,7.577771,-17.279335,29,27.636067080538773,JJ
remain,-7.559807,18.71912,26,29.00582481748225,VB
remains,-4.0007205,8.230667,17,27.636067080538773,VB
remedy,-2.3907218,4.4341593,14,23.502912408741125,NN
remember,-8.568195,22.947319,20,28.117036768742114,VB
renew,-1.6372144,15.824566,16,25.541209043760983,VB
renewed,-5.4299827,0.6837204,13,27.051959939986375,VB
representative,0.11937479,-11.349644,11,20.818033540269386,JJ
representatives,2.3582735,-11.509285,19,27.636067080538773,NN
republic,9.391486,-19.38314,66,28.713533107284082,NN
republican,10.688304,-20.219103,21,28.117036768742114,JJ
republics,3.429779,-11.107461,12,24.59431618637297,NN
require,-5.6667857,14.272584,34,29.082418087521972,VB
required,-9.435786,22.938843,23,28.796246828663442,VB
requires,-3.6316507,-6.166341,15,27.051959939986375,VB
reserved,14.030603,-21.991068,19,24.59431618637297,VB
resolve,-4.371001,15.360963,18,26.35676655364204,NN
resources,8.554903,-21.607088,50,27.272134161077553,NN
respect,5.3444686,-19.746304,58,29.082418087521972,NN
respecting,6.684716,-18.7729,10,17.297158093186486,VB
respective,7.370681,-11.802297,17,25.541209043760983,JJ
respects,9.902207,-15.948315,12,20.818033540269386,VB
responsibilities,-2.2214773,-3.1966631,28,28.796246828663442,NN
responsibility,4.542463,-16.428675,62,27.272134161077553,NN
responsible,1.2575564,-1.3571901,20,27.636067080538773,JJ
rest,6.3459597,-2.606199,22,27.636067080538773,NN
restoration,4.2227254,-16.551678,13,20.818033540269386,NN
restore,-6.863929,8.271555,14,25.541209043760983,VB
rests,2.1070478,-8.272621,18,27.636067080538773,VB
result,2.2949893,0.24311039,33,29.169888105663883,NN
results,2.7162046,-6.0008307,20,27.636067080538773,NN
return,-3.380941,-2.1231403,24,28.796246828663442,NN
revenue,-1.5752771,2.8019476,61,28.501755416394552,NN
revenues,-2.480314,6.0285873,12,22.250877708197276,NN
revolution,7.0693917,-16.645874,34,29.188632372745946,NN
rewards,1.9076545,-16.385551,13,25.541209043760983,NN
rich,-0.24262787,-1.8421823,20,28.796246828663442,JJ
right,4.3488827,4.0893545,112,19.342342291834044,NN
rights,11.420539,-26.991436,135,13.027797773774324,NN
road,-4.5017343,8.041486,12,22.250877708197276,NN
role,-2.5642145,-10.881749,11,17.297158093186486,NN
rule,0.06476617,-8.414736,32,29.082418087521972,NN
rules,10.144369,-18.499252,19,27.051959939986375,NN
sacred,-1.7981701,0.35419586,26,28.796246828663442,JJ
sacredly,-5.8353987,22.015633,10,20.818033540269386,RB
sacrifice,-2.0331879,13.715543,25,29.00582481748225,NN
safe,-3.9430687,11.370869,19,28.117036768742114,JJ
safety,7.4972553,-20.916407,38,28.713533107284082,NN
said,-6.3227224,18.87009,21,29.00582481748225,VB
same,11.812345,-22.432945,83,21.16053487214126,JJ
sanction,-6.7142034,1.8816838,10,23.502912408741125,NN
satisfaction,4.192854,-2.1943223,17,27.051959939986375,NN
save,-1.3574986,5.3675094,16,25.541209043760983,VB
say,-8.394852,26.123047,37,29.169888105663883,VB
scarcely,-7.182827,22.610592,13,24.59431618637297,RB
schools,0.95826024,-12.808684,13,24.59431618637297,NN
science,5.1015015,-7.2161345,21,28.117036768742114,NN
sea,2.5792065,-17.600285,12,22.250877708197276,NN
seas,10.500656,-6.1048617,10,22.250877708197276,NN
second,-3.7852824,-4.597127,17,27.051959939986375,JJ
section,4.0418887,-11.668624,17,25.541209043760983,NN
sectional,-5.837812,8.7755165,14,24.59431618637297,JJ
sections,3.830588,-19.930885,20,26.35676655364204,NN
secure,2.6941526,-2.7151558,67,24.319864607484806,VB
secured,-3.542325,4.6955094,24,26.35676655364204,VB
security,4.874289,-16.81828,61,26.777982833515537,NN
see,-8.102882,26.174576,59,25.642065497271314,VB
seek,-7.0090475,21.522455,55,26.23407353748423,VB
seeking,-2.5402255,-0.6149697,24,28.796246828663442,VB
seeks,9.178664,-5.170146,10,22.250877708197276,VB
seem,-7.9446883,22.71469,20,28.117036768742114,VB
seems,-4.532562,14.75462,16,25.541209043760983,VB
seen,-3.89553,20.940619,29,29.00582481748225,VB
self-government,0.78571624,3.2162309,30,28.501755416394552,NN
selfish,-9.185553,9.732237,10,23.502912408741125,JJ
senate,-0.23002349,-8.926767,15,23.502912408741125,NN
senator,-6.929175,0.5760378,10,17.297158093186486,NN
sense,9.195513,-21.70842,52,26.23407353748423,NN
sentiment,9.891893,-17.580254,19,28.117036768742114,NN
sentiments,-2.2715936,11.500898,17,23.502912408741125,NN
separate,13.909668,-22.114838,14,26.35676655364204,JJ
serious,2.4145682,-5.182428,15,26.35676655364204,JJ
servants,-3.7054393,-6.989753,10,22.250877708197276,NN
serve,-6.290275,10.086531,25,29.135211801540407,VB
service,9.475554,-23.748508,79,24.319864607484806,NN
services,1.6995803,-18.6268,12,24.59431618637297,NN
session,5.4499125,-5.4327517,14,19.17838327682102,NN
set,-3.176514,3.8078458,27,28.501755416394552,VB
settled,-5.1310816,18.53774,23,27.051959939986375,VB
settlement,4.577339,-18.33508,19,24.59431618637297,NN
several,14.00259,-22.080929,28,28.501755416394552,JJ
shall,-9.310686,29.889412,311,8.165843601063113,MD
share,-2.2655327,1.2646942,36,28.929348421755872,NN
shared,-6.477029,3.076491,10,20.818033540269386,VB
short,-2.3641267,-1.9178578,17,27.051959939986375,JJ
should,-9.430082,29.913942,326,16.33977621132777,MD
show,-7.615636,13.813587,18,27.636067080538773,VB
shown,-11.332482,22.855497,15,27.051959939986375,VB
side,1.7938899,-3.0764608,20,28.796246828663442,NN
sides,0.012323572,-2.4166677,16,23.502912408741125,NN
simple,-3.7091413,1.8064903,18,27.051959939986375,JJ
since,8.223495,-9.217732,60,26.23407353748423,IN
sincere,-9.313223,3.7542245,13,25.541209043760983,JJ
single,-2.258504,3.5252843,28,29.188632372745946,JJ
situation,-3.1964927,4.9206076,16,25.541209043760983,NN
slavery,8.251958,-7.220472,25,25.541209043760983,NN
small,6.200318,-9.842656,27,29.135211801540407,JJ
so,-10.4557495,28.199043,370,1.4294994135043235,RB
social,0.19982044,2.6058156,33,29.169888105663883,JJ
society,2.8331585,-4.903867,36,28.713533107284082,NN
soil,-1.1000814,-6.2984715,19,27.051959939986375,NN
solemn,0.84875417,-2.876603,33,28.103919879972757,JJ
solution,11.959078,-21.275328,12,24.59431618637297,NN
some,3.69752,-20.825672,104,25.003510832789107,DT
something,-6.0303307,19.99605,22,27.051959939986375,NN
sometimes,-5.487766,17.121572,21,25.541209043760983,RB
soon,-7.0503902,19.281113,21,28.501755416394552,RB
sought,-5.5711102,18.122202,13,26.35676655364204,VB
sound,4.3899364,-10.234802,30,29.188632372745946,NN
source,4.693412,1.0836533,17,27.051959939986375,NN
sources,6.936815,-22.857798,10,20.818033540269386,NN
south,11.142761,-16.466711,32,26.35676655364204,NN
southern,13.993824,-22.057512,14,22.250877708197276,JJ
sovereign,4.7472496,-0.95694023,10,22.250877708197276,JJ
sovereignty,1.7154614,-4.563758,27,26.35676655364204,NN
speak,-2.4886537,15.684977,32,28.929348421755872,VB
special,-4.019656,-3.81682,22,27.051959939986375,JJ
sphere,-1.8458686,-14.084663,10,22.250877708197276,NN
spirit,11.260453,-26.90577,133,19.342342291834044,NN
stability,8.061854,-20.036383,14,23.502912408741125,NN
stand,-6.566884,23.766575,54,26.23407353748423,VB
standards,10.60564,-14.38448,18,25.541209043760983,NN
standing,-5.572783,-2.567861,15,26.35676655364204,VB
stands,-2.7146957,2.6083221,10,17.297158093186486,VB
state,10.237476,-25.45701,108,25.003510832789107,NN
states,11.960786,-28.504477,328,15.269083229370153,NN
statesmen,2.7910142,4.0555997,11,20.818033540269386,NN
station,-2.9818935,13.691591,16,27.636067080538773,NN
step,0.68916035,10.157359,10,22.250877708197276,NN
steps,-1.512134,14.332124,12,23.502912408741125,NN
still,-6.376358,19.106575,73,19.342342291834044,RB
story,9.175913,-3.4362233,15,17.297158093186486,NN
strength,3.4648972,-16.106953,71,26.23407353748423,NN
strengthen,-3.1117368,-1.5790454,20,28.501755416394552,VB
strengthened,-2.9788883,18.611809,17,27.051959939986375,VB
strict,10.778782,-8.119412,16,27.636067080538773,JJ
strictly,-5.3791137,11.626422,12,22.250877708197276,RB
strife,1.6630179,1.5023346,10,20.818033540269386,NN
strive,-9.286475,19.265438,18,25.541209043760983,VB
strong,-3.0208416,12.285071,53,27.272134161077553,JJ
stronger,-4.5547976,3.2883186,11,25.541209043760983,JJ
structure,6.467424,-7.004657,10,20.818033540269386,NN
struggle,3.9754736,-9.271628,20,27.636067080538773,NN
subject,-2.4459667,10.460232,61,28.437588093748378,NN
subjects,7.0457845,-8.7219305,19,27.051959939986375,NN
submit,-8.050171,-3.6959424,10,23.502912408741125,VB
succeed,-9.107276,24.647585,11,23.502912408741125,VB
success,2.8322282,-4.0573106,43,26.777982833515537,NN
successful,-2.0823245,9.156743,14,25.541209043760983,JJ
such,-10.529591,17.599737,219,16.33977621132777,JJ
suffer,-8.870279,20.102097,15,27.051959939986375,VB
suffering,-4.727101,-7.493277,14,26.35676655364204,NN
sufficient,-3.9238439,6.465484,34,29.082418087521972,JJ
suffrage,-3.8469586,-8.724824,18,24.59431618637297,NN
support,-2.3666177,-8.21802,88,22.82268438028926,NN
supported,4.9823756,-0.2442137,14,23.502912408741125,VB
supposed,-4.3109317,10.055362,12,17.297158093186486,VB
supreme,-1.9692817,6.7032204,26,27.636067080538773,JJ
sure,-7.6185837,21.01148,18,28.117036768742114,JJ
surely,-7.9706917,19.447083,19,28.117036768742114,RB
surplus,0.42449442,-2.5750036,13,20.818033540269386,NN
surrender,-9.824536,11.661043,11,23.502912408741125,VB
sustain,-3.0039935,8.379834,12,24.59431618637297,VB
sustained,3.1080232,-1.2997786,15,26.35676655364204,VB
sympathy,-4.6962414,0.49157748,13,23.502912408741125,NN
system,0.64729923,-16.166607,88,25.642065497271314,NN
take,-9.805575,23.13011,61,23.592493657326887,VB
taken,-6.813587,22.567612,38,28.929348421755872,VB
taking,1.660871,-10.91077,14,27.051959939986375,VB
talents,-1.031838,-0.66460925,13,25.541209043760983,NN
tariff,6.7476754,-11.138116,31,23.502912408741125,NN
task,1.4806348,-0.5463565,38,29.169888105663883,NN
tasks,-5.4803615,15.129888,12,20.818033540269386,NN
tax,-1.1400497,-1.3139001,19,20.818033540269386,NN
taxation,-4.514959,8.754414,21,25.541209043760983,NN
taxes,-0.396334,12.34767,19,26.35676655364204,NN
temporary,-3.3646984,8.70294,10,23.502912408741125,JJ
tendency,4.393128,-0.07582293,11,19.17838327682102,NN
term,12.126046,-18.469667,16,23.502912408741125,NN
terms,6.783378,-18.305582,24,29.00582481748225,NN
territories,11.432282,-16.771484,16,22.250877708197276,NN
territory,8.246151,-6.952488,38,28.117036768742114,NN
test,6.9981027,-5.5368066,10,20.818033540269386,NN
texas,9.039173,-7.262681,11,9.56271942704932,NN
than,-12.560577,8.407478,226,6.875176187496751,IN
thank,-5.475191,22.731798,13,20.818033540269386,VB
that,-9.129932,27.617626,1679,0.0,IN
the,10.246214,-28.25837,9792,0.0,DT
their,9.942244,-27.93673,731,2.832280724957402,PR
them,-10.749035,14.040101,323,6.875176187496751,PR
themselves,-7.233028,12.680412,69,21.16053487214126,PR
then,-9.422133,24.505882,77,25.003510832789107,RB
theory,8.103847,-23.104189,11,23.502912408741125,NN
there,-10.852582,28.173153,248,9.42706621456816,EX
thereby,-6.25374,5.942089,11,23.502912408741125,RB
therefore,-9.183434,24.043228,46,28.713533107284082,RB
these,9.110986,-0.9132058,269,4.207839759945508,DT
they,-11.676688,28.44653,424,5.55565294921136,PR
thing,-0.116157755,15.422314,13,24.59431618637297,NN
things,-4.1575546,18.000666,64,27.272134161077553,NN
think,-8.234626,26.783436,28,28.501755416394552,VB
this,8.008114,-26.354748,787,0.0,DT
those,9.626685,-0.50354815,306,6.875176187496751,DT
though,-5.3541555,18.613749,27,29.082418087521972,IN
thought,-4.423619,1.4609498,39,29.169888105663883,NN
thousands,1.322894,-15.315079,11,23.502912408741125,NN
threat,8.739983,-11.992401,11,23.502912408741125,NN
threatened,-2.424258,7.6574025,10,23.502912408741125,VB
through,11.463881,-22.07998,100,17.376116065169615,IN
throughout,11.257498,-22.05936,36,28.929348421755872,IN
thus,-5.3937182,11.1199665,34,29.135211801540407,RB
ties,0.16177008,-0.63942134,11,25.541209043760983,NN
time,7.3595138,-24.327492,198,6.875176187496751,NN
times,0.8110157,-0.4883618,50,26.777982833515537,NN
to,14.788,-17.194359,4359,0.0,TO
today,-6.689425,21.087818,81,28.929348421755872,NN
together,-6.9473867,15.769207,70,27.714749706752166,RB
toil,3.6011424,-0.48776484,10,23.502912408741125,NN
too,-9.840557,24.14895,80,25.003510832789107,RB
toward,-1.1293492,-7.733451,59,25.003510832789107,IN
trade,10.185955,-25.01085,50,29.169888105663883,NN
tranquillity,-4.946823,-9.924842,13,22.250877708197276,NN
treasury,6.659807,-15.251364,18,24.59431618637297,NN
treaties,-3.8845465,10.34651,10,20.818033540269386,NN
treaty,2.9714518,-15.60534,24,26.35676655364204,NN
trial,-2.6737387,1.7141283,16,23.502912408741125,NN
tribunal,3.3164592,-10.824749,11,20.818033540269386,NN
triumph,-1.2610245,-2.922748,11,24.59431618637297,NN
true,-5.3769264,8.802142,59,26.23407353748423,JJ
truly,0.22032185,8.585577,10,20.818033540269386,RB
trust,-5.9124637,22.767359,58,25.642065497271314,NN
truth,-4.072621,0.9299726,28,29.00582481748225,NN
try,-8.2327175,12.568645,11,20.818033540269386,VB
turn,-7.510746,21.21235,25,29.00582481748225,VB
turning,0.700526,5.4711165,11,20.818033540269386,VB
two,-0.31870466,-4.0034094,42,28.103919879972757,CD
tyranny,1.5939016,-4.6541567,12,20.818033540269386,NN
ultimate,5.9737406,-8.628591,10,23.502912408741125,JJ
under,12.039341,-25.15551,197,15.269083229370153,IN
understand,-8.502878,19.692694,15,27.051959939986375,VB
understanding,1.2186136,-3.23349,20,25.541209043760983,NN
understood,-8.892218,23.814241,10,20.818033540269386,JJ
union,12.021526,-27.845072,187,26.23407353748423,NN
unite,-6.978503,6.892047,15,25.541209043760983,JJ
united,12.283067,-28.37139,194,14.164836175043943,NN
unity,5.6525464,-12.9372425,27,28.501755416394552,NN
universal,-4.1195955,-10.8307495,14,23.502912408741125,JJ
unless,-3.0890477,16.734049,18,23.502912408741125,IN
unnecessary,-4.566456,10.91472,10,22.250877708197276,JJ
until,-6.3392096,21.54189,38,28.796246828663442,IN
up,2.6149032,3.6863222,58,25.003510832789107,RP
upon,14.637369,-17.268658,368,13.027797773774324,IN
us,-11.028184,25.155083,433,4.207839759945508,PR
use,-1.0630146,6.172453,51,28.713533107284082,NN
used,-6.850529,22.74716,15,20.818033540269386,VB
useful,-3.6302164,10.953711,15,26.35676655364204,JJ
utmost,1.1839676,0.84824985,10,24.59431618637297,JJ
value,9.095981,-16.927748,21,26.35676655364204,NN
values,9.098888,-15.461154,19,26.35676655364204,NN
various,-0.75843185,-4.210126,19,27.051959939986375,JJ
vast,7.8571925,-15.871315,27,28.117036768742114,JJ
very,1.4979029,-5.9189963,56,28.103919879972757,RB
vice,0.653482,-3.0519938,16,26.35676655364204,NN
victory,6.0817275,1.7476053,11,24.59431618637297,NN
view,4.137005,-10.237944,35,29.169888105663883,NN
views,-2.6192534,-4.325097,27,29.135211801540407,NN
vigor,5.2092524,-15.334441,11,25.541209043760983,NN
violate,-6.531756,11.327059,10,22.250877708197276,VB
violation,8.935115,-19.935076,10,20.818033540269386,NN
violence,-2.2813258,-9.481673,14,23.502912408741125,NN
virtue,10.266481,-23.836746,18,27.636067080538773,NN
virtuous,-4.5923805,5.151033,10,20.818033540269386,JJ
vision,-1.6673437,-3.6977358,19,26.35676655364204,NN
vital,-0.038314562,-9.884,22,28.117036768742114,JJ
voice,5.9317174,-18.637785,23,29.169888105663883,NN
voices,4.000078,2.9018347,16,20.818033540269386,NN
want,-2.7658064,14.406045,29,29.00582481748225,VB
wants,-0.7314199,-9.340211,10,19.17838327682102,VB
war,7.8198724,-24.540844,170,15.269083229370153,NN
wars,0.6948696,-16.474592,22,28.796246828663442,NN
was,-6.3891473,26.630253,263,14.164836175043943,VB
washington,5.7605247,-6.4592843,22,28.117036768742114,NN
waste,4.392596,-3.0504248,19,27.051959939986375,NN
way,4.497268,-14.918779,75,24.319864607484806,NN
ways,1.324479,-1.7818269,14,26.35676655364204,NN
we,-11.826984,28.455648,1567,1.4294994135043235,PR
weak,4.484473,-6.8476934,18,27.051959939986375,JJ
weakness,-9.333872,15.792583,10,20.818033540269386,NN
wealth,3.6589077,-5.744572,31,29.188632372745946,NN
weapons,3.2375183,1.1395267,14,20.818033540269386,NN
weight,-1.8945411,-0.9988116,13,26.35676655364204,NN
welcome,-1.0398463,16.835764,11,23.502912408741125,VB
welfare,9.214271,-24.359701,41,29.169888105663883,NN
well,-10.283631,27.179174,112,15.269083229370153,RB
were,-6.543683,26.158945,136,23.592493657326887,VB
west,-5.5726075,-6.6802993,10,23.502912408741125,NN
western,0.69892395,-6.071582,15,23.502912408741125,JJ
what,-10.169151,28.695442,158,19.342342291834044,WP
whatever,-7.5526223,11.361053,29,28.929348421755872,WD
when,-3.39939,-7.6453004,198,8.165843601063113,WR
whenever,-3.6655834,17.242186,11,22.250877708197276,WR
where,-1.1640904,-5.864922,65,28.103919879972757,WR
wherever,-5.2553844,14.660741,15,26.35676655364204,NN
whether,-1.7359369,16.300987,43,28.929348421755872,IN
which,-12.191933,23.305204,999,1.4294994135043235,WD
while,-3.3731534,15.735829,76,26.23407353748423,IN
whilst,-3.966198,0.4323128,14,20.818033540269386,NN
who,-12.43315,23.308382,347,6.875176187496751,WP
whole,11.007679,-26.049791,92,25.003510832789107,JJ
whom,-3.607768,21.255468,39,28.929348421755872,WP
whose,2.733055,2.3355188,65,27.272134161077553,WP
why,-9.84869,19.647715,14,22.250877708197276,WR
will,-9.416661,29.899435,832,2.832280724957402,MD
willing,-9.3108,0.42232132,13,25.541209043760983,JJ
wisdom,3.4601314,-7.9348106,45,26.777982833515537,NN
wise,-2.067334,2.1814003,32,28.929348421755872,NN
wisely,-3.9816353,18.514479,18,27.636067080538773,RB
wish,-8.254796,26.97238,31,29.00582481748225,VB
wishes,11.062534,-10.003285,12,23.502912408741125,NN
with,12.99694,-25.61426,924,1.4294994135043235,IN
within,11.4718485,-22.267706,94,22.82268438028926,IN
without,-4.5099654,6.538704,137,15.269083229370153,IN
women,5.4193134,-1.4462926,24,26.35676655364204,NN
word,-2.968355,7.0233045,11,19.17838327682102,NN
words,6.3281875,-8.069391,28,29.00582481748225,NN
work,-9.480653,13.91398,105,20.27042360308082,NN
working,-3.438307,-12.237288,10,22.250877708197276,VB
world,12.215998,-27.860176,316,6.875176187496751,NN
worthy,-5.217978,13.366944,12,23.502912408741125,JJ
would,-9.494906,29.578468,210,8.165843601063113,MD
written,-4.198689,5.547821,14,24.59431618637297,VB
wrong,-6.2881565,9.217538,22,29.00582481748225,JJ
year,1.0923091,-6.4053564,28,29.188632372745946,NN
years,3.3394723,3.751439,134,16.33977621132777,NN
yes,-7.6911716,5.566687,10,17.297158093186486,UH
yet,-9.662106,23.972305,79,24.319864607484806,RB
you,-11.129327,26.536106,163,22.82268438028926,PR
young,3.407746,-13.132401,19,27.051959939986375,JJ
your,3.0570793,-1.3122158,109,26.777982833515537,PR
zeal,11.344523,-15.421211,12,22.250877708197276,NN
